corr_coef,curvature,intercept,max_p_index,microp_capacity,microp_volume,min_p_index,point_count,potential,pressure_range,slope
-0.9990296890218123,0.0004923683893681095,2.5631957264203766,26,365.7595938146592,0.566328014078854,17,10,11.6580189437859,"[0.00102994, 0.01956639]",-0.0008780850085691091
