microp_capacity,microp_volume,potential,slope,intercept,corr_coef,min_p_index,max_p_index,curvature,point_count,pressure_range
250.3423806379366,0.38762046345200474,7.183584643478038,-0.0037530539896617667,2.398534377850942,-0.9990959103698559,14,23,0.006060173566798011,10,"[0.00054142, 0.00522907]"
242.99876641293017,0.3762498951045438,7.8130285825493955,-0.0029170934168368705,2.385604068901122,-0.9996140444088119,21,30,0.0008817062661424007,10,"[0.00267263, 0.02779759]"
243.0807867934198,0.3763768922906251,7.802655284389881,-0.0029287433326261434,2.3857506333832252,-0.9996522708977863,21,31,0.0009046250206473469,11,"[0.00267263, 0.03555833]"
243.2378574860271,0.376620094478397,7.7823916082935645,-0.0029516803817876613,2.3860311693579095,-0.9995581936450952,21,32,0.001031757107734697,12,"[0.00267263, 0.0450877]"
243.4579676158696,0.37696090449355546,7.753653028469364,-0.0029846229707050516,2.38642399221107,-0.9992665468584672,21,33,0.00149335439201732,13,"[0.00267263, 0.05708432]"
242.9074801194135,0.3761085509369699,7.841626219509111,-0.0028852946468918457,2.3854408887226533,-0.9998225459104999,22,31,0.0009657928694564785,10,"[0.00340465, 0.03555833]"
243.12160387040615,0.37644009187456245,7.810491284862511,-0.0029199372574094146,2.385823552117006,-0.9995407932495184,22,32,0.0010959613893385977,11,"[0.00340465, 0.0450877]"
243.3907063391934,0.37685675973320304,7.771036221730182,-0.002964638667013104,2.386303991056482,-0.9990238019013118,22,33,0.0015804120614830014,12,"[0.00340465, 0.05708432]"
243.1690895561824,0.37651361687452856,7.798037538592882,-0.002933949329749748,2.38590836875712,-0.9993692415571906,23,32,0.0009380390980884996,10,"[0.00423609, 0.0450877]"
