microp_capacity,microp_volume,potential,slope,intercept,corr_coef,min_p_index,max_p_index,curvature,point_count,pressure_range
541.4704024207509,0.8383918367998024,4.382980212664768,-0.049127706426255614,2.7335747224264355,-0.9998025709072565,16,26,0.04999212518769064,11,"[0.00169959, 0.02206847]"
541.4917162417113,0.8384248382961433,4.382805678562317,-0.049131619276381086,2.733591817160726,-0.9997284457737156,17,26,0.030989947110336594,10,"[0.00211443, 0.02206847]"
545.7532719150837,0.8450232663406868,4.356703496508421,-0.04972210435337356,2.73699634808325,-0.9995344014826046,17,27,0.04268886541849227,11,"[0.00211443, 0.02782359]"
547.3751717244975,0.8475345532997532,4.342525178292127,-0.05004731913499794,2.738285094448622,-0.9994387035752239,18,27,0.04614466536089341,10,"[0.00259059, 0.02782359]"
