microp_capacity,microp_volume,potential,slope,intercept,corr_coef,min_p_index,max_p_index,curvature,point_count,pressure_range
197.81334928809488,0.3062865421853592,9.228105524163691,-0.0017704002114393783,2.2962555962931717,-0.9990748727563628,20,31,0.00018949115899957955,12,"[0.0009001, 0.02212002]"
197.90964391383613,0.30643564106091775,9.208210560582389,-0.0017819002170458298,2.2964669574025347,-0.9990741389982847,20,32,0.0002708244311500612,13,"[0.0009001, 0.02797221]"
197.38100379611112,0.30561711514089684,9.365512576600215,-0.0016936141713560328,2.2953053532803955,-0.9996126493611835,21,30,0.0002196481044285031,10,"[0.00168689, 0.01737915]"
197.54505628577095,0.3058711276732949,9.324602311842517,-0.0017160035047642432,2.29566616560605,-0.9993362972463135,21,31,0.00021433433397897699,11,"[0.00168689, 0.02212002]"
197.62672541805603,0.30599758100023616,9.29086136132867,-0.0017347671170942136,2.2958456746481444,-0.9992542338751002,22,31,0.00015269798746487024,10,"[0.00209589, 0.02212002]"
