microp_capacity,microp_volume,potential,slope,intercept,corr_coef,min_p_index,max_p_index,curvature,point_count,pressure_range
432.89867972079054,0.6702835789670745,4.706009182643505,-0.013349058030784497,2.6363862612789695,-0.9996411113585624,13,22,0.22747244625264842,10,"[0.00101357, 0.00863236]"
434.6069147431538,0.6729285440319831,4.69689041069642,-0.013426958464821854,2.6380966318117163,-0.9996551431605654,13,23,0.22086127922208768,11,"[0.00101357, 0.01089172]"
437.35024118682514,0.6771762046349792,4.682119822677672,-0.013554432779634131,2.640829370363115,-0.9995271046889657,13,24,0.2159483149299869,12,"[0.00101357, 0.01380056]"
440.92464030735215,0.6827106660399178,4.6628412686265985,-0.013723251253323002,2.644364369296956,-0.9992271936734134,13,25,0.2118798815952919,13,"[0.00101357, 0.01740058]"
433.8104641555716,0.6716953507345137,4.703772617346865,-0.01336810881290215,2.6373000236353246,-0.9995974395520363,14,23,0.21331925075151095,10,"[0.00101671, 0.01089172]"
436.9340609785253,0.6765318072907913,4.685911380997154,-0.01352155715524522,2.6404159012406647,-0.9994099832506224,14,24,0.2085618359239754,11,"[0.00101671, 0.01380056]"
440.8626207570064,0.6826146373659601,4.663433590379755,-0.013718022788602032,2.644303278034428,-0.999025823550495,14,25,0.20462308147137867,12,"[0.00101671, 0.01740058]"
435.9079701225713,0.6749430478801186,4.695336179851476,-0.013440296463509185,2.6393948097119,-0.9991746763512196,15,24,0.004015466932813807,10,"[0.00130365, 0.01380056]"
