microp_capacity,microp_volume,potential,slope,intercept,corr_coef,min_p_index,max_p_index,curvature,point_count,pressure_range
533.4950768845378,0.8260431510812682,4.0239304876196975,-0.05828604262721347,2.727130416090865,-0.9995669951187288,2,11,0.15161339072533905,10,"[0.00286896, 0.01919738]"
539.1576705682241,0.8348108922141025,3.993674092145367,-0.059172547545292026,2.7317157882745406,-0.9993623872386098,2,12,0.13351215127069016,11,"[0.00286896, 0.023006]"
544.8405284196185,0.8436100096007635,3.963788015740823,-0.0600682069869486,2.7362694054655616,-0.9991373286349281,2,13,0.12625013476672278,12,"[0.00286896, 0.02884945]"
545.8863502730671,0.8452293197251178,3.949276764193414,-0.06051044810582466,2.7371022350364984,-0.9997021346060526,3,12,0.1618681793992258,10,"[0.00396559, 0.023006]"
551.3230764013223,0.8536473362676055,3.9201726611140897,-0.06141226537264494,2.741406170864925,-0.9994935277272431,3,13,0.14902618716714877,11,"[0.00396559, 0.02884945]"
558.0563603077424,0.8640728927463353,3.884674169901876,-0.06253977485080219,2.7466780622612283,-0.9991305951082626,3,14,0.1540586470529722,12,"[0.00396559, 0.03824153]"
554.767046675767,0.8589798466899055,3.8967471177169157,-0.0621528522308197,2.7441106559486186,-0.9995609472423062,4,13,0.17126507820489628,10,"[0.00486786, 0.02884945]"
561.7488392293695,0.8697901843501005,3.8590757154610404,-0.06337221836945327,2.7495421836869824,-0.9992001080947356,4,14,0.1726820360963835,11,"[0.00486786, 0.03824153]"
564.7806689509104,0.8744845522744468,3.8377454063081995,-0.06407862559436045,2.7518798234693427,-0.9992048750358006,5,14,0.19287387097438824,10,"[0.0057265, 0.03824153]"
