corr_coef,curvature,intercept,max_p_index,microp_capacity,microp_volume,min_p_index,point_count,potential,pressure_range,slope
-0.9987585029399332,0.0863368082828306,2.7061399438606113,9,508.3232145079041,0.7870680125708923,0,10,4.181279144089679,"[0.00166587, 0.01199818]",-0.0539817779869421
