microp_capacity,microp_volume,potential,slope,intercept,corr_coef,min_p_index,max_p_index,curvature,point_count,pressure_range
371.3632311267491,0.5750044694452774,16.88740343954274,-0.003309327525458447,2.5697989018020966,-0.999612678978002,17,26,0.009643413053557271,10,"[0.00102994, 0.01956639]"
371.7370354126183,0.57558325354951,16.715909790748086,-0.0033775786568476917,2.570235831136314,-0.9990347112733664,17,27,0.00965179907800596,11,"[0.00102994, 0.02937333]"
