microp_capacity,microp_volume,potential,slope,intercept,corr_coef,min_p_index,max_p_index,curvature,point_count,pressure_range
256.51316812115977,0.39717507221627213,6.9672152425461205,-0.004113700634446117,2.4091096645572527,-0.9993278999941041,3,12,0.00017865079649677953,10,"[1.04e-05, 0.00481317]"
258.0883399110067,0.39961400731643815,6.949917188884291,-0.004144493572168311,2.411768384138224,-0.9991759515062243,3,13,0.0002696450055855135,11,"[1.04e-05, 0.00594435]"
